{"cameraMode":{"drawMode":0,"name":"Shaded","section":"Shading Mode"},"sceneLighting":true,"audioPlay":false,"sceneViewState":{"m_AlwaysRefresh":false,"showFog":true,"showSkybox":true,"showFlares":true,"showImageEffects":true,"showParticleSystems":true,"showVisualEffectGraphs":true,"m_FxEnabled":true},"in2DMode":false,"pivot":{"x":-5.052855968475342,"y":1.137571096420288,"z":14.446444511413575},"rotation":{"x":-0.018108053132891656,"y":0.14850841462612153,"z":-0.0026963637210428716,"w":-0.9886384010314941},"size":12.43658447265625,"orthographic":false}