{"cameraMode":{"drawMode":0,"name":"Shaded","section":"Shading Mode"},"sceneLighting":true,"audioPlay":false,"sceneViewState":{"m_AlwaysRefresh":false,"showFog":true,"showSkybox":true,"showFlares":true,"showImageEffects":true,"showParticleSystems":true,"showVisualEffectGraphs":true,"m_FxEnabled":true},"in2DMode":false,"pivot":{"x":2.3682568073272707,"y":0.48492321372032168,"z":15.650398254394532},"rotation":{"x":-0.033042602241039279,"y":-0.123501256108284,"z":0.0041408841498196129,"w":-0.9916831254959106},"size":10.428839683532715,"orthographic":false}