{"cameraMode":{"drawMode":0,"name":"Shaded","section":"Shading Mode"},"sceneLighting":true,"audioPlay":false,"sceneViewState":{"m_AlwaysRefresh":false,"showFog":true,"showSkybox":true,"showFlares":true,"showImageEffects":true,"showParticleSystems":true,"showVisualEffectGraphs":true,"m_FxEnabled":true},"in2DMode":false,"pivot":{"x":2.6950864791870119,"y":-3.94602632522583,"z":51.81154251098633},"rotation":{"x":-0.04522639513015747,"y":-0.04581664130091667,"z":0.002316329861059785,"w":-0.9976992011070252},"size":28.960742950439454,"orthographic":false}