{"cameraMode":{"drawMode":0,"name":"Shaded","section":"Shading Mode"},"sceneLighting":true,"audioPlay":false,"sceneViewState":{"m_AlwaysRefresh":false,"showFog":true,"showSkybox":true,"showFlares":true,"showImageEffects":true,"showParticleSystems":true,"showVisualEffectGraphs":true,"m_FxEnabled":true},"in2DMode":false,"pivot":{"x":3.275012969970703,"y":-3.47542405128479,"z":50.8659553527832},"rotation":{"x":-0.042240943759679797,"y":-0.04283121973276138,"z":0.0020216552074998619,"w":-0.9979687929153442},"size":29.196517944335939,"orthographic":false}