{"cameraMode":{"drawMode":0,"name":"Shaded","section":"Shading Mode"},"sceneLighting":true,"audioPlay":false,"sceneViewState":{"m_AlwaysRefresh":false,"showFog":true,"showSkybox":true,"showFlares":true,"showImageEffects":true,"showParticleSystems":true,"showVisualEffectGraphs":true,"m_FxEnabled":true},"in2DMode":false,"pivot":{"x":8.11090087890625,"y":12.720954895019532,"z":61.36476135253906},"rotation":{"x":0.053565140813589099,"y":-0.06377051025629044,"z":-0.0030635958537459375,"w":-0.9962900280952454},"size":43.03841781616211,"orthographic":false}