{"cameraMode":{"drawMode":0,"name":"Shaded","section":"Shading Mode"},"sceneLighting":true,"audioPlay":false,"sceneViewState":{"m_AlwaysRefresh":false,"showFog":true,"showSkybox":true,"showFlares":true,"showImageEffects":true,"showParticleSystems":true,"showVisualEffectGraphs":true,"m_FxEnabled":true},"in2DMode":false,"pivot":{"x":-1.28816556930542,"y":5.3790059089660648,"z":-0.017543941736221315},"rotation":{"x":-0.1389932632446289,"y":-0.061658285558223727,"z":0.00920355785638094,"w":-0.9878996014595032},"size":9.72881031036377,"orthographic":false}